{
  "runtimeOptions": {
    "tfm": "netcoreapp3.1",
    "includedFrameworks": [
      {
        "name": "Microsoft.NETCore.App",
        "version": "3.1.28"
      },
      {
        "name": "Microsoft.AspNetCore.App",
        "version": "3.1.28"
      }
    ],
    "configProperties": {
      "System.GC.Server": true,
      "System.Reflection.Metadata.MetadataUpdater.IsSupported": false,
      "System.Runtime.Serialization.EnableUnsafeBinaryFormatterSerialization": false
    }
  }
}